{"cameraMode":{"drawMode":0,"name":"Shaded","section":"Shading Mode"},"sceneLighting":false,"audioPlay":false,"sceneViewState":{"showFog":true,"showMaterialUpdate":false,"showSkybox":false,"showFlares":true,"showImageEffects":true,"showParticleSystems":true},"in2DMode":false,"pivot":{"x":27.784832000732423,"y":10.221114158630371,"z":0.0010576248168945313},"rotation":{"x":-0.12292186170816422,"y":-0.20623384416103364,"z":0.02612336166203022,"w":-0.970403254032135},"size":2.339761734008789,"orthographic":false}