{"cameraMode":{"drawMode":0,"name":"Shaded","section":"Shading Mode"},"sceneLighting":false,"audioPlay":false,"sceneViewState":{"showFog":true,"showMaterialUpdate":false,"showSkybox":false,"showFlares":true,"showImageEffects":true,"showParticleSystems":true},"in2DMode":false,"pivot":{"x":-15.599039077758789,"y":4.983155250549316,"z":-0.1769999861717224},"rotation":{"x":0.07738563418388367,"y":-0.11668974161148071,"z":0.009119046851992607,"w":0.9901115298271179},"size":2.677155017852783,"orthographic":false}