{"cameraMode":{"drawMode":0,"name":"Shaded","section":"Shading Mode"},"sceneLighting":false,"audioPlay":false,"sceneViewState":{"showFog":true,"showMaterialUpdate":false,"showSkybox":false,"showFlares":true,"showImageEffects":true,"showParticleSystems":true},"in2DMode":false,"pivot":{"x":-6.091067314147949,"y":6.003364562988281,"z":-0.012521982192993164},"rotation":{"x":0.10253135859966278,"y":0.49434491991996767,"z":-0.058855559676885608,"w":0.8611893057823181},"size":2.513423204421997,"orthographic":false}