{"cameraMode":{"drawMode":0,"name":"Shaded","section":"Shading Mode"},"sceneLighting":false,"audioPlay":false,"sceneViewState":{"showFog":true,"showMaterialUpdate":false,"showSkybox":false,"showFlares":true,"showImageEffects":true,"showParticleSystems":true},"in2DMode":false,"pivot":{"x":-9.376437187194825,"y":5.079091548919678,"z":5.960464477539063e-7},"rotation":{"x":0.28819066286087038,"y":-0.2776907980442047,"z":0.08772625774145127,"w":0.9122173190116882},"size":2.721052885055542,"orthographic":false}