{"cameraMode":{"drawMode":0,"name":"Shaded","section":"Shading Mode"},"sceneLighting":true,"audioPlay":false,"sceneViewState":{"showFog":true,"showMaterialUpdate":false,"showSkybox":true,"showFlares":true,"showImageEffects":true,"showParticleSystems":true},"in2DMode":false,"pivot":{"x":-43.893798828125,"y":14.04744815826416,"z":-6.452003479003906},"rotation":{"x":-0.12522970139980317,"y":0.08264544606208801,"z":-0.010495764203369618,"w":-0.9886371493339539},"size":22.28547477722168,"orthographic":false}