{"cameraMode":{"drawMode":0,"name":"Shaded","section":"Shading Mode"},"sceneLighting":false,"audioPlay":false,"sceneViewState":{"showFog":true,"showMaterialUpdate":false,"showSkybox":false,"showFlares":true,"showImageEffects":true,"showParticleSystems":true},"in2DMode":false,"pivot":{"x":65.07986450195313,"y":14.091110229492188,"z":5.0873517990112309},"rotation":{"x":-0.06295406818389893,"y":-0.012569079175591469,"z":0.0007844992214813829,"w":-0.9979429841041565},"size":6.896259307861328,"orthographic":false}