{"cameraMode":{"drawMode":0,"name":"Shaded","section":"Shading Mode"},"sceneLighting":false,"audioPlay":false,"sceneViewState":{"showFog":true,"showMaterialUpdate":false,"showSkybox":false,"showFlares":true,"showImageEffects":true,"showParticleSystems":true},"in2DMode":false,"pivot":{"x":-32.309322357177737,"y":10.175432205200196,"z":-1.6056780815124512},"rotation":{"x":-0.10922481119632721,"y":0.03220608830451965,"z":-0.003545149462297559,"w":-0.9934953451156616},"size":24.72774887084961,"orthographic":true}