{"cameraMode":{"drawMode":0,"name":"Shaded","section":"Shading Mode"},"sceneLighting":true,"audioPlay":false,"sceneViewState":{"showFog":true,"showMaterialUpdate":false,"showSkybox":true,"showFlares":true,"showImageEffects":true,"showParticleSystems":true},"in2DMode":false,"pivot":{"x":-76.14171600341797,"y":14.95893669128418,"z":0.12157249450683594},"rotation":{"x":-0.06291435658931732,"y":-0.2173861563205719,"z":0.014014693908393383,"w":-0.973968505859375},"size":16.424652099609376,"orthographic":false}