{"cameraMode":{"drawMode":0,"name":"Shaded","section":"Shading Mode"},"sceneLighting":false,"audioPlay":false,"sceneViewState":{"showFog":true,"showMaterialUpdate":false,"showSkybox":false,"showFlares":true,"showImageEffects":true,"showParticleSystems":true},"in2DMode":false,"pivot":{"x":-11.40999984741211,"y":3.7238762378692629,"z":0.0},"rotation":{"x":0.01494843140244484,"y":-0.08239707350730896,"z":0.0012360203545540572,"w":0.9964869022369385},"size":2.184345006942749,"orthographic":false}