{"cameraMode":{"drawMode":0,"name":"Shaded","section":"Shading Mode"},"sceneLighting":false,"audioPlay":false,"sceneViewState":{"showFog":true,"showMaterialUpdate":false,"showSkybox":false,"showFlares":true,"showImageEffects":true,"showParticleSystems":true},"in2DMode":false,"pivot":{"x":6.398641586303711,"y":4.161126136779785,"z":-0.0016660690307617188},"rotation":{"x":-0.2243184745311737,"y":-0.5520637035369873,"z":0.15726524591445924,"w":-0.7875235080718994},"size":3.437201738357544,"orthographic":false}