{"cameraMode":{"drawMode":0,"name":"Shaded","section":"Shading Mode"},"sceneLighting":false,"audioPlay":false,"sceneViewState":{"showFog":true,"showMaterialUpdate":false,"showSkybox":false,"showFlares":true,"showImageEffects":true,"showParticleSystems":true},"in2DMode":false,"pivot":{"x":26.800535202026368,"y":1.2403583526611329,"z":-1.0},"rotation":{"x":-0.04301472753286362,"y":-0.6304695010185242,"z":0.035025909543037418,"w":-0.774233877658844},"size":2.4574553966522219,"orthographic":false}