{"cameraMode":{"drawMode":0,"name":"Shaded","section":"Shading Mode"},"sceneLighting":false,"audioPlay":false,"sceneViewState":{"showFog":true,"showMaterialUpdate":false,"showSkybox":false,"showFlares":true,"showImageEffects":true,"showParticleSystems":true},"in2DMode":false,"pivot":{"x":106.91715240478516,"y":32.110801696777347,"z":2.384185791015625e-7},"rotation":{"x":-0.010497486218810082,"y":0.02190343290567398,"z":-0.00023889984004199505,"w":-0.9997100234031677},"size":29.64072608947754,"orthographic":false}