{"cameraMode":{"drawMode":0,"name":"Shaded","section":"Shading Mode"},"sceneLighting":false,"audioPlay":false,"sceneViewState":{"showFog":true,"showMaterialUpdate":false,"showSkybox":false,"showFlares":true,"showImageEffects":true,"showParticleSystems":true},"in2DMode":false,"pivot":{"x":106.91715240478516,"y":29.01080322265625,"z":2.384185791015625e-7},"rotation":{"x":-0.07940558344125748,"y":-0.01703953556716442,"z":0.0013491117861121894,"w":-0.996701180934906},"size":29.64072608947754,"orthographic":false}