{"cameraMode":{"drawMode":0,"name":"Shaded","section":"Shading Mode"},"sceneLighting":false,"audioPlay":false,"sceneViewState":{"showFog":true,"showMaterialUpdate":false,"showSkybox":false,"showFlares":true,"showImageEffects":true,"showParticleSystems":true},"in2DMode":false,"pivot":{"x":80.00715637207031,"y":32.550804138183597,"z":2.384185791015625e-7},"rotation":{"x":-0.15728746354579926,"y":-0.7613520622253418,"z":0.20090195536613465,"w":-0.5960296988487244},"size":12.152871131896973,"orthographic":false}