{"cameraMode":{"drawMode":0,"name":"Shaded","section":"Shading Mode"},"sceneLighting":false,"audioPlay":false,"sceneViewState":{"showFog":true,"showMaterialUpdate":false,"showSkybox":false,"showFlares":true,"showImageEffects":true,"showParticleSystems":true},"in2DMode":false,"pivot":{"x":80.00715637207031,"y":32.550804138183597,"z":2.384185791015625e-7},"rotation":{"x":0.054974135011434558,"y":-0.7193131446838379,"z":-0.057313136756420138,"w":-0.6901399493217468},"size":20.099271774291993,"orthographic":false}