{"cameraMode":{"drawMode":0,"name":"Shaded","section":"Shading Mode"},"sceneLighting":true,"audioPlay":false,"sceneViewState":{"showFog":true,"showMaterialUpdate":false,"showSkybox":true,"showFlares":true,"showImageEffects":true,"showParticleSystems":true},"in2DMode":false,"pivot":{"x":-99.23999786376953,"y":21.5,"z":-37.97999954223633},"rotation":{"x":-0.04701091721653938,"y":0.38606882095336916,"z":-0.019718563184142114,"w":-0.9210779666900635},"size":31.006027221679689,"orthographic":false}