{"cameraMode":{"drawMode":0,"name":"Shaded","section":"Shading Mode"},"sceneLighting":false,"audioPlay":false,"sceneViewState":{"showFog":true,"showMaterialUpdate":false,"showSkybox":false,"showFlares":true,"showImageEffects":true,"showParticleSystems":true},"in2DMode":false,"pivot":{"x":-15.784833908081055,"y":1.097795009613037,"z":-2.384185791015625e-7},"rotation":{"x":0.0571933351457119,"y":-0.5571078062057495,"z":0.0385015569627285,"w":0.8275730609893799},"size":4.552084445953369,"orthographic":false}