{"cameraMode":{"drawMode":0,"name":"Shaded","section":"Shading Mode"},"sceneLighting":true,"audioPlay":false,"sceneViewState":{"showFog":true,"showMaterialUpdate":false,"showSkybox":true,"showFlares":true,"showImageEffects":true,"showParticleSystems":true},"in2DMode":false,"pivot":{"x":-0.8999998569488525,"y":2.858095407485962,"z":0.22003841400146485},"rotation":{"x":0.10448850691318512,"y":0.07749173045158386,"z":-0.008166695013642311,"w":0.9914689064025879},"size":7.162257194519043,"orthographic":false}