{"cameraMode":{"drawMode":0,"name":"Shaded","section":"Shading Mode"},"sceneLighting":false,"audioPlay":false,"sceneViewState":{"showFog":true,"showMaterialUpdate":false,"showSkybox":false,"showFlares":true,"showImageEffects":true,"showParticleSystems":true},"in2DMode":false,"pivot":{"x":-4.146676540374756,"y":4.034936904907227,"z":0.025850772857666017},"rotation":{"x":-0.11058874428272248,"y":-0.05720686540007591,"z":0.006381847895681858,"w":-0.9922017455101013},"size":3.2372236251831056,"orthographic":false}