{"cameraMode":{"drawMode":0,"name":"Shaded","section":"Shading Mode"},"sceneLighting":false,"audioPlay":false,"sceneViewState":{"showFog":true,"showMaterialUpdate":false,"showSkybox":false,"showFlares":true,"showImageEffects":true,"showParticleSystems":true},"in2DMode":false,"pivot":{"x":-4.146676540374756,"y":4.034936904907227,"z":0.025850772857666017},"rotation":{"x":0.05594739317893982,"y":0.94405198097229,"z":-0.22952640056610108,"w":0.23013630509376527},"size":3.2372236251831056,"orthographic":false}