{"cameraMode":{"drawMode":0,"name":"Shaded","section":"Shading Mode"},"sceneLighting":false,"audioPlay":false,"sceneViewState":{"showFog":true,"showMaterialUpdate":false,"showSkybox":false,"showFlares":true,"showImageEffects":true,"showParticleSystems":true},"in2DMode":false,"pivot":{"x":-32.309322357177737,"y":10.175432205200196,"z":-1.6056780815124512},"rotation":{"x":-0.049152638763189319,"y":-0.46292397379875185,"z":0.025713259354233743,"w":-0.8846663236618042},"size":20.735734939575197,"orthographic":false}