{"cameraMode":{"drawMode":0,"name":"Shaded","section":"Shading Mode"},"sceneLighting":true,"audioPlay":false,"sceneViewState":{"showFog":true,"showMaterialUpdate":false,"showSkybox":true,"showFlares":true,"showImageEffects":true,"showParticleSystems":true},"in2DMode":false,"pivot":{"x":-8.753145217895508,"y":16.622589111328126,"z":-1.6603522300720215},"rotation":{"x":0.13077326118946076,"y":0.11247929185628891,"z":-0.014900208450853825,"w":0.9849191904067993},"size":23.54497528076172,"orthographic":false}