{"cameraMode":{"drawMode":0,"name":"Shaded","section":"Shading Mode"},"sceneLighting":false,"audioPlay":false,"sceneViewState":{"showFog":true,"showMaterialUpdate":false,"showSkybox":false,"showFlares":true,"showImageEffects":true,"showParticleSystems":true},"in2DMode":false,"pivot":{"x":-19.610000610351564,"y":7.399694442749023,"z":0.026154756546020509},"rotation":{"x":-0.2847667932510376,"y":0.2706725597381592,"z":-0.08421202003955841,"w":-0.915742039680481},"size":3.6858246326446535,"orthographic":false}