{"cameraMode":{"drawMode":0,"name":"Shaded","section":"Shading Mode"},"sceneLighting":false,"audioPlay":false,"sceneViewState":{"showFog":true,"showMaterialUpdate":false,"showSkybox":false,"showFlares":true,"showImageEffects":true,"showParticleSystems":true},"in2DMode":false,"pivot":{"x":-5.562443256378174,"y":3.7238762378692629,"z":-2.9802322387695315e-8},"rotation":{"x":0.022391144186258317,"y":-0.09732107818126679,"z":0.00218947627581656,"w":0.9950001239776611},"size":2.184345245361328,"orthographic":false}