{"cameraMode":{"drawMode":0,"name":"Shaded","section":"Shading Mode"},"sceneLighting":true,"audioPlay":false,"sceneViewState":{"showFog":true,"showMaterialUpdate":false,"showSkybox":true,"showFlares":true,"showImageEffects":true,"showParticleSystems":true},"in2DMode":false,"pivot":{"x":12.387048721313477,"y":13.010038375854493,"z":-4.935555934906006},"rotation":{"x":0.1893490105867386,"y":0.002945725806057453,"z":-0.0005680786562152207,"w":0.9819055795669556},"size":36.79150390625,"orthographic":false}