{"cameraMode":{"drawMode":0,"name":"Shaded","section":"Shading Mode"},"sceneLighting":false,"audioPlay":false,"sceneViewState":{"showFog":true,"showMaterialUpdate":false,"showSkybox":false,"showFlares":true,"showImageEffects":true,"showParticleSystems":true},"in2DMode":false,"pivot":{"x":-6.342634677886963,"y":4.979447364807129,"z":0.0},"rotation":{"x":0.1731099635362625,"y":-0.012411278672516346,"z":0.0021815397776663305,"w":0.9848240613937378},"size":2.2462944984436037,"orthographic":false}