{"cameraMode":{"drawMode":0,"name":"Shaded","section":"Shading Mode"},"sceneLighting":true,"audioPlay":false,"sceneViewState":{"showFog":true,"showMaterialUpdate":false,"showSkybox":true,"showFlares":true,"showImageEffects":true,"showParticleSystems":true},"in2DMode":false,"pivot":{"x":-74.14669799804688,"y":17.498926162719728,"z":-0.45178985595703127},"rotation":{"x":-0.06291435658931732,"y":-0.2173861563205719,"z":0.014014693908393383,"w":-0.973968505859375},"size":29.07944107055664,"orthographic":false}