{"cameraMode":{"drawMode":0,"name":"Shaded","section":"Shading Mode"},"sceneLighting":false,"audioPlay":false,"sceneViewState":{"showFog":true,"showMaterialUpdate":false,"showSkybox":false,"showFlares":true,"showImageEffects":true,"showParticleSystems":true},"in2DMode":false,"pivot":{"x":-5.959892749786377,"y":3.7313618659973146,"z":0.0},"rotation":{"x":0.10987026244401932,"y":0.6777256727218628,"z":-0.10346844047307968,"w":0.7196599841117859},"size":0.8534328937530518,"orthographic":false}