{"cameraMode":{"drawMode":0,"name":"Shaded","section":"Shading Mode"},"sceneLighting":false,"audioPlay":false,"sceneViewState":{"showFog":true,"showMaterialUpdate":false,"showSkybox":false,"showFlares":true,"showImageEffects":true,"showParticleSystems":true},"in2DMode":false,"pivot":{"x":26.399999618530275,"y":2.020249366760254,"z":-4.76837158203125e-7},"rotation":{"x":-0.23393921554088593,"y":-0.2495332807302475,"z":0.062230125069618228,"w":-0.9376349449157715},"size":7.792199611663818,"orthographic":false}