{"cameraMode":{"drawMode":0,"name":"Shaded","section":"Shading Mode"},"sceneLighting":false,"audioPlay":false,"sceneViewState":{"showFog":true,"showMaterialUpdate":false,"showSkybox":false,"showFlares":true,"showImageEffects":true,"showParticleSystems":true},"in2DMode":false,"pivot":{"x":45.97210693359375,"y":2.858095407485962,"z":0.22003841400146485},"rotation":{"x":0.07738563418388367,"y":-0.11668974161148071,"z":0.009119046851992607,"w":0.9901115298271179},"size":7.162258625030518,"orthographic":false}