{"cameraMode":{"drawMode":0,"name":"Shaded","section":"Shading Mode"},"sceneLighting":false,"audioPlay":false,"sceneViewState":{"showFog":true,"showMaterialUpdate":false,"showSkybox":false,"showFlares":true,"showImageEffects":true,"showParticleSystems":true},"in2DMode":false,"pivot":{"x":-25.012847900390626,"y":2.322421073913574,"z":-0.4685196876525879},"rotation":{"x":0.022391144186258317,"y":-0.09732107818126679,"z":0.00218947627581656,"w":0.9950001239776611},"size":3.8887007236480715,"orthographic":false}