{"cameraMode":{"drawMode":0,"name":"Shaded","section":"Shading Mode"},"sceneLighting":false,"audioPlay":false,"sceneViewState":{"showFog":true,"showMaterialUpdate":false,"showSkybox":false,"showFlares":true,"showImageEffects":true,"showParticleSystems":true},"in2DMode":false,"pivot":{"x":-5.562443256378174,"y":3.7238762378692629,"z":-2.9802322387695315e-8},"rotation":{"x":0.276603639125824,"y":0.41268065571784975,"z":-0.13310419023036958,"w":0.8575963973999023},"size":3.684345006942749,"orthographic":false}