{"cameraMode":{"drawMode":0,"name":"Shaded","section":"Shading Mode"},"sceneLighting":false,"audioPlay":false,"sceneViewState":{"showFog":true,"showMaterialUpdate":false,"showSkybox":false,"showFlares":true,"showImageEffects":true,"showParticleSystems":true},"in2DMode":false,"pivot":{"x":-4.993921279907227,"y":5.3358001708984379,"z":-0.2883949279785156},"rotation":{"x":0.17153258621692658,"y":0.3283824026584625,"z":-0.0607740618288517,"w":0.9268493056297302},"size":4.924091815948486,"orthographic":false}