{"cameraMode":{"drawMode":0,"name":"Shaded","section":"Shading Mode"},"sceneLighting":false,"audioPlay":false,"sceneViewState":{"showFog":true,"showMaterialUpdate":false,"showSkybox":false,"showFlares":true,"showImageEffects":true,"showParticleSystems":true},"in2DMode":false,"pivot":{"x":-10.475261688232422,"y":2.75433087348938,"z":0.5693014860153198},"rotation":{"x":0.21389956772327424,"y":0.31482893228530886,"z":-0.07305122911930084,"w":0.921842634677887},"size":3.9410159587860109,"orthographic":false}